catalyst_id,metal,backbone,substituent,state,status,conformers_attempted,best_conformer,energy_eV,max_force_eV_A,terminal_donor_angle_deg,donor_labels,P_M_P_angle_deg,buried_volume_percent,buried_volume_CI_low_percent,buried_volume_CI_high_percent,geometry_path,proton_site_element,charge,unpaired_electrons
Ru_macho_pnp_Ph,Ru,macho_pnp,Ph,active,best_found_unconstrained_minimum,2,0,-2508.1855764812103,0.022654580119666354,163.2202670078326,P-N-P,163.2202670078326,62.73800000000001,62.31323603566492,63.160806814602964,C:\Users\HUIWEI\Documents\Codex\2026-09-13\files-pasted-by-the-user-mission\work\campaign-runs\Ru_macho_pnp_Ph\active\conformer_0000\xtbopt.xyz,N,0,0
Ru_macho_pnp_iPr,Ru,macho_pnp,iPr,active,best_found_unconstrained_minimum,2,1,-1921.7589337958357,0.006251546167708112,161.79549219764954,P-N-P,161.79549219764954,64.92999999999999,64.51060045331259,65.34710560372142,C:\Users\HUIWEI\Documents\Codex\2026-09-13\files-pasted-by-the-user-mission\work\campaign-runs\Ru_macho_pnp_iPr\active\conformer_0001\xtbopt.xyz,N,0,0
Ru_pyridine_pnn_Ph,Ru,pyridine_pnn,Ph,active,best_found_unconstrained_minimum,2,0,-2200.061180765467,0.015327645319239238,157.18685967323736,P-N-N,,63.937999999999995,63.51605509917996,64.35780337522998,C:\Users\HUIWEI\Documents\Codex\2026-09-13\files-pasted-by-the-user-mission\work\campaign-runs\Ru_pyridine_pnn_Ph\active\conformer_0000\xtbopt.xyz,C,0,0
Ru_pyridine_pnn_iPr,Ru,pyridine_pnn,iPr,active,best_found_unconstrained_minimum,2,1,-1906.8348814133528,0.024955893339512668,159.43314348824057,P-N-N,,65.16,64.7412188045634,65.57645191376452,C:\Users\HUIWEI\Documents\Codex\2026-09-13\files-pasted-by-the-user-mission\work\campaign-runs\Ru_pyridine_pnn_iPr\active\conformer_0001\xtbopt.xyz,C,0,0
Ru_bipyridine_pnnoh_Ph,Ru,bipyridine_pnnoh,Ph,active,no_accepted_conformer,1,,,,,,,,,,,,,
Ru_bipyridine_pnnoh_iPr,Ru,bipyridine_pnnoh,iPr,active,best_found_unconstrained_minimum,2,1,-1907.138042321791,0.013465235671023227,164.019090459198,P-N-N,,62.502,62.07671464482143,62.92536446603185,C:\Users\HUIWEI\Documents\Codex\2026-09-13\files-pasted-by-the-user-mission\work\campaign-runs\Ru_bipyridine_pnnoh_iPr\active\conformer_0001\xtbopt.xyz,O,0,0
Mn_macho_pnp_Ph,Mn,macho_pnp,Ph,active,best_found_unconstrained_minimum,2,0,-2652.203942647245,0.003974271947589949,163.87674338456702,P-N-P,163.87674338456702,63.376,62.95269972430735,63.79724509946272,C:\Users\HUIWEI\Documents\Codex\2026-09-13\files-pasted-by-the-user-mission\work\campaign-runs\Mn_macho_pnp_Ph\active\conformer_0000\xtbopt.xyz,N,0,0
Mn_macho_pnp_iPr,Mn,macho_pnp,iPr,active,best_found_unconstrained_minimum,2,0,-2065.790948896986,0.014046535909044205,156.00664571429607,P-N-P,156.00664571429607,65.45400000000001,65.03602482861275,65.86960071762996,C:\Users\HUIWEI\Documents\Codex\2026-09-13\files-pasted-by-the-user-mission\work\campaign-runs\Mn_macho_pnp_iPr\active\conformer_0000\xtbopt.xyz,N,0,0
Mn_pyridine_pnn_Ph,Mn,pyridine_pnn,Ph,active,best_found_unconstrained_minimum,2,0,-2343.495482328117,0.003912706829479453,162.13936915089377,P-N-N,,64.736,64.31608718253898,65.15364868192542,C:\Users\HUIWEI\Documents\Codex\2026-09-13\files-pasted-by-the-user-mission\work\campaign-runs\Mn_pyridine_pnn_Ph\active\conformer_0000\xtbopt.xyz,C,0,0
Mn_pyridine_pnn_iPr,Mn,pyridine_pnn,iPr,active,best_found_unconstrained_minimum,2,0,-2050.1598125656305,0.0044691836832063256,161.4214408086886,P-N-N,,66.16,65.74403252202636,66.57348454975327,C:\Users\HUIWEI\Documents\Codex\2026-09-13\files-pasted-by-the-user-mission\work\campaign-runs\Mn_pyridine_pnn_iPr\active\conformer_0000\xtbopt.xyz,C,0,0
Mn_bipyridine_pnnoh_Ph,Mn,bipyridine_pnnoh,Ph,active,no_accepted_conformer,1,,,,,,,,,,,,,
Mn_bipyridine_pnnoh_iPr,Mn,bipyridine_pnnoh,iPr,active,best_found_unconstrained_minimum,2,1,-2051.393287357741,0.0038575667605330894,160.5476139041129,P-N-N,,63.00599999999999,62.58184121748338,63.42816045550954,C:\Users\HUIWEI\Documents\Codex\2026-09-13\files-pasted-by-the-user-mission\work\campaign-runs\Mn_bipyridine_pnnoh_iPr\active\conformer_0001\xtbopt.xyz,O,0,0
Fe_macho_pnp_Ph,Fe,macho_pnp,Ph,active,best_found_unconstrained_minimum,2,1,-2504.5235861191645,0.006522059582210351,167.92663965599263,P-N-P,167.92663965599263,65.24,64.8214363925361,65.65622203406795,C:\Users\HUIWEI\Documents\Codex\2026-09-13\files-pasted-by-the-user-mission\work\campaign-runs\Fe_macho_pnp_Ph\active\conformer_0001\xtbopt.xyz,N,0,0
Fe_macho_pnp_iPr,Fe,macho_pnp,iPr,active,best_found_unconstrained_minimum,2,1,-1917.2303245235853,0.004081189452108597,150.49574531575894,P-N-P,150.49574531575894,68.758,68.35032129964223,69.16279659840492,C:\Users\HUIWEI\Documents\Codex\2026-09-13\files-pasted-by-the-user-mission\work\campaign-runs\Fe_macho_pnp_iPr\active\conformer_0001\xtbopt.xyz,N,0,0
Fe_pyridine_pnn_Ph,Fe,pyridine_pnn,Ph,active,best_found_unconstrained_minimum,2,1,-2196.23492017713,0.002561257948027014,163.05389728339932,P-N-N,,67.38,66.96774585126086,67.78958377172985,C:\Users\HUIWEI\Documents\Codex\2026-09-13\files-pasted-by-the-user-mission\work\campaign-runs\Fe_pyridine_pnn_Ph\active\conformer_0001\xtbopt.xyz,C,0,0
Fe_pyridine_pnn_iPr,Fe,pyridine_pnn,iPr,active,best_found_unconstrained_minimum,2,0,-1903.061585660336,0.006311236287087134,162.72227240523628,P-N-N,,69.062,68.65538644081066,69.46568474868585,C:\Users\HUIWEI\Documents\Codex\2026-09-13\files-pasted-by-the-user-mission\work\campaign-runs\Fe_pyridine_pnn_iPr\active\conformer_0000\xtbopt.xyz,C,0,0
Fe_bipyridine_pnnoh_Ph,Fe,bipyridine_pnnoh,Ph,active,no_accepted_conformer,1,,,,,,,,,,,,,
Fe_bipyridine_pnnoh_iPr,Fe,bipyridine_pnnoh,iPr,active,best_found_unconstrained_minimum,2,1,-1904.1105598083975,0.0044377551267195895,165.52363164279586,P-N-N,,65.012,64.59281968290672,65.42887377511036,C:\Users\HUIWEI\Documents\Codex\2026-09-13\files-pasted-by-the-user-mission\work\campaign-runs\Fe_bipyridine_pnnoh_iPr\active\conformer_0001\xtbopt.xyz,O,0,0
Co_macho_pnp_Ph,Co,macho_pnp,Ph,active,best_found_unconstrained_minimum,2,0,-2504.3048797338297,0.008531128094579602,165.0196072956183,P-N-P,165.0196072956183,65.546,65.12828066706693,65.96133074369337,C:\Users\HUIWEI\Documents\Codex\2026-09-13\files-pasted-by-the-user-mission\work\campaign-runs\Co_macho_pnp_Ph\active\conformer_0000\xtbopt.xyz,N,0,0
Co_macho_pnp_iPr,Co,macho_pnp,iPr,active,best_found_unconstrained_minimum,2,0,-1917.996020276131,0.004163532296253687,168.92265533108545,P-N-P,168.92265533108545,69.84,69.4362061392288,70.24074551325312,C:\Users\HUIWEI\Documents\Codex\2026-09-13\files-pasted-by-the-user-mission\work\campaign-runs\Co_macho_pnp_iPr\active\conformer_0000\xtbopt.xyz,N,0,0
Co_pyridine_pnn_Ph,Co,pyridine_pnn,Ph,active,best_found_unconstrained_minimum,2,1,-2197.071933014359,0.0024402085468415336,162.24186427261793,P-N-N,,68.174,67.76433203303151,68.58087559459987,C:\Users\HUIWEI\Documents\Codex\2026-09-13\files-pasted-by-the-user-mission\work\campaign-runs\Co_pyridine_pnn_Ph\active\conformer_0001\xtbopt.xyz,C,0,0
Co_pyridine_pnn_iPr,Co,pyridine_pnn,iPr,active,best_found_unconstrained_minimum,2,1,-1904.027469411613,0.006015935542586264,168.73371326293704,P-N-N,,69.248,68.84204823796328,69.65099437327524,C:\Users\HUIWEI\Documents\Codex\2026-09-13\files-pasted-by-the-user-mission\work\campaign-runs\Co_pyridine_pnn_iPr\active\conformer_0001\xtbopt.xyz,C,0,0
Co_bipyridine_pnnoh_Ph,Co,bipyridine_pnnoh,Ph,active,no_accepted_conformer,1,,,,,,,,,,,,,
Co_bipyridine_pnnoh_iPr,Co,bipyridine_pnnoh,iPr,active,best_found_unconstrained_minimum,2,1,-1904.7744977992713,0.0024598856569522966,169.71666933446562,P-N-N,,65.526,65.10822490313011,65.94138958056112,C:\Users\HUIWEI\Documents\Codex\2026-09-13\files-pasted-by-the-user-mission\work\campaign-runs\Co_bipyridine_pnnoh_iPr\active\conformer_0001\xtbopt.xyz,O,0,0
