name,n_alcohol,temperature_K,cutoff_cm1,alcohol_activity,delta_G_standard_1M_kcal_mol,effective_association_kcal_mol,log_activity_ratio_complex_to_bare
hemiaminal_tbuoh_1_seed_02,1,298.15,50.0,0.001,0.26639279772280133,4.35913383682552,-7.357374797336989
hemiaminal_tbuoh_1_seed_02,1,298.15,50.0,0.01,0.26639279772280133,2.99488682379128,-5.054789704342943
hemiaminal_tbuoh_1_seed_02,1,298.15,50.0,0.05,0.26639279772280133,2.0413190831753374,-3.4453517919088434
hemiaminal_tbuoh_1_seed_02,1,298.15,50.0,0.1,0.26639279772280133,1.6306398107570406,-2.7522046113488976
hemiaminal_tbuoh_1_seed_02,1,298.15,50.0,1.0,0.26639279772280133,0.26639279772280133,-0.4496195183548522
hemiaminal_tbuoh_1_seed_02,1,298.15,100.0,0.001,0.6582536018795508,4.750994640982269,-8.018760043234057
hemiaminal_tbuoh_1_seed_02,1,298.15,100.0,0.01,0.6582536018795508,3.3867476279480293,-5.716174950240011
hemiaminal_tbuoh_1_seed_02,1,298.15,100.0,0.05,0.6582536018795508,2.433179887332087,-4.106737037805911
hemiaminal_tbuoh_1_seed_02,1,298.15,100.0,0.1,0.6582536018795508,2.02250061491379,-3.4135898572459653
hemiaminal_tbuoh_1_seed_02,1,298.15,100.0,1.0,0.6582536018795508,0.6582536018795508,-1.1110047642519199
hemiaminal_tbuoh_1_seed_02,1,298.15,150.0,0.001,0.7550058571323461,4.847746896235065,-8.182059136822067
hemiaminal_tbuoh_1_seed_02,1,298.15,150.0,0.01,0.7550058571323461,3.4834998832008246,-5.87947404382802
hemiaminal_tbuoh_1_seed_02,1,298.15,150.0,0.05,0.7550058571323461,2.529932142584882,-4.270036131393921
hemiaminal_tbuoh_1_seed_02,1,298.15,150.0,0.1,0.7550058571323461,2.1192528701665854,-3.576888950833975
hemiaminal_tbuoh_1_seed_02,1,298.15,150.0,1.0,0.7550058571323461,0.7550058571323461,-1.27430385783993
hemiaminal_tbuoh_1_seed_02,1,360.0,50.0,0.001,2.386973985576333,7.328737440471449,-10.244343988691615
hemiaminal_tbuoh_1_seed_02,1,360.0,50.0,0.01,2.386973985576333,5.68148295550641,-7.941758895697568
hemiaminal_tbuoh_1_seed_02,1,360.0,50.0,0.05,2.386973985576333,4.53010148100787,-6.332320983263467
hemiaminal_tbuoh_1_seed_02,1,360.0,50.0,0.1,2.386973985576333,4.034228470541372,-5.639173802703524
hemiaminal_tbuoh_1_seed_02,1,360.0,50.0,1.0,2.386973985576333,2.386973985576333,-3.3365887097094773
hemiaminal_tbuoh_1_seed_02,1,360.0,100.0,0.001,2.943523115984135,7.885286570879251,-11.022306193616497
hemiaminal_tbuoh_1_seed_02,1,360.0,100.0,0.01,2.943523115984135,6.238032085914212,-8.719721100622452
hemiaminal_tbuoh_1_seed_02,1,360.0,100.0,0.05,2.943523115984135,5.086650611415672,-7.110283188188351
hemiaminal_tbuoh_1_seed_02,1,360.0,100.0,0.1,2.943523115984135,4.590777600949174,-6.4171360076284065
hemiaminal_tbuoh_1_seed_02,1,360.0,100.0,1.0,2.943523115984135,2.943523115984135,-4.114550914634361
hemiaminal_tbuoh_1_seed_02,1,360.0,150.0,0.001,3.0935274289404333,8.03529088383555,-11.231987028029474
hemiaminal_tbuoh_1_seed_02,1,360.0,150.0,0.01,3.0935274289404333,6.3880363988705104,-8.929401935035427
hemiaminal_tbuoh_1_seed_02,1,360.0,150.0,0.05,3.0935274289404333,5.236654924371971,-7.319964022601327
hemiaminal_tbuoh_1_seed_02,1,360.0,150.0,0.1,3.0935274289404333,4.740781913905472,-6.626816842041382
hemiaminal_tbuoh_1_seed_02,1,360.0,150.0,1.0,3.0935274289404333,3.0935274289404333,-4.324231749047336
hemiaminal_tbuoh_1_seed_02,1,370.0,50.0,0.001,2.7280849229464366,7.807119584921972,-10.618094798631116
hemiaminal_tbuoh_1_seed_02,1,370.0,50.0,0.01,2.7280849229464366,6.114108030930127,-8.31550970563707
hemiaminal_tbuoh_1_seed_02,1,370.0,50.0,0.05,2.7280849229464366,4.930743737695517,-6.70607179320297
hemiaminal_tbuoh_1_seed_02,1,370.0,50.0,0.1,2.7280849229464366,4.421096476938281,-6.012924612643023
hemiaminal_tbuoh_1_seed_02,1,370.0,50.0,1.0,2.7280849229464366,2.7280849229464366,-3.710339519648979
hemiaminal_tbuoh_1_seed_02,1,370.0,100.0,0.001,3.3125965331637417,8.391631195139277,-11.413061446788317
hemiaminal_tbuoh_1_seed_02,1,370.0,100.0,0.01,3.3125965331637417,6.698619641147432,-9.110476353794272
hemiaminal_tbuoh_1_seed_02,1,370.0,100.0,0.05,3.3125965331637417,5.515255347912822,-7.501038441360171
hemiaminal_tbuoh_1_seed_02,1,370.0,100.0,0.1,3.3125965331637417,5.005608087155586,-6.8078912608002256
hemiaminal_tbuoh_1_seed_02,1,370.0,100.0,1.0,3.3125965331637417,3.3125965331637417,-4.5053061678061805
hemiaminal_tbuoh_1_seed_02,1,370.0,150.0,0.001,3.4717556046507525,8.550790266626288,-11.629526186533697
hemiaminal_tbuoh_1_seed_02,1,370.0,150.0,0.01,3.4717556046507525,6.857778712634443,-9.32694109353965
hemiaminal_tbuoh_1_seed_02,1,370.0,150.0,0.05,3.4717556046507525,5.674414419399833,-7.717503181105551
hemiaminal_tbuoh_1_seed_02,1,370.0,150.0,0.1,3.4717556046507525,5.164767158642597,-7.0243560005456045
hemiaminal_tbuoh_1_seed_02,1,370.0,150.0,1.0,3.4717556046507525,3.4717556046507525,-4.72177090755156
hemiaminal_tbuoh_1_seed_02,1,380.0,50.0,0.001,3.0687206246784626,8.285026493734417,-10.971545176847233
hemiaminal_tbuoh_1_seed_02,1,380.0,50.0,0.01,3.0687206246784626,6.546257870715766,-8.668960083853188
hemiaminal_tbuoh_1_seed_02,1,380.0,50.0,0.05,3.0687206246784626,5.330910758745086,-7.059522171419088
hemiaminal_tbuoh_1_seed_02,1,380.0,50.0,0.1,3.0687206246784626,4.807489247697115,-6.366374990859144
hemiaminal_tbuoh_1_seed_02,1,380.0,50.0,1.0,3.0687206246784626,3.0687206246784626,-4.063789897865098
hemiaminal_tbuoh_1_seed_02,1,380.0,100.0,0.001,3.681537515612945,8.8978433846689,-11.783075255732008
hemiaminal_tbuoh_1_seed_02,1,380.0,100.0,0.01,3.681537515612945,7.159074761650248,-9.480490162737963
hemiaminal_tbuoh_1_seed_02,1,380.0,100.0,0.05,3.681537515612945,5.943727649679568,-7.871052250303863
hemiaminal_tbuoh_1_seed_02,1,380.0,100.0,0.1,3.681537515612945,5.420306138631597,-7.177905069743918
hemiaminal_tbuoh_1_seed_02,1,380.0,100.0,1.0,3.681537515612945,3.681537515612945,-4.875319976749872
hemiaminal_tbuoh_1_seed_02,1,380.0,150.0,0.001,3.8499910033260676,9.066296872382022,-12.006151796530002
hemiaminal_tbuoh_1_seed_02,1,380.0,150.0,0.01,3.8499910033260676,7.327528249363371,-9.703566703535957
hemiaminal_tbuoh_1_seed_02,1,380.0,150.0,0.05,3.8499910033260676,6.112181137392691,-8.094128791101857
hemiaminal_tbuoh_1_seed_02,1,380.0,150.0,0.1,3.8499910033260676,5.58875962634472,-7.400981610541912
hemiaminal_tbuoh_1_seed_02,1,380.0,150.0,1.0,3.8499910033260676,3.8499910033260676,-5.098396517547866
hemiaminal_tbuoh_1_seed_02,1,383.15,50.0,0.001,3.175923152357427,8.435469451643716,-11.078932538951431
hemiaminal_tbuoh_1_seed_02,1,383.15,50.0,0.01,3.175923152357427,6.682287351881619,-8.776347445957384
hemiaminal_tbuoh_1_seed_02,1,383.15,50.0,0.05,3.175923152357427,5.456865652009077,-7.166909533523284
hemiaminal_tbuoh_1_seed_02,1,383.15,50.0,0.1,3.175923152357427,4.929105252119523,-6.473762352963338
hemiaminal_tbuoh_1_seed_02,1,383.15,50.0,1.0,3.175923152357427,3.175923152357427,-4.1711772599692925
hemiaminal_tbuoh_1_seed_02,1,383.15,100.0,0.001,3.7977257127968187,9.057272012083107,-11.895592318130992
hemiaminal_tbuoh_1_seed_02,1,383.15,100.0,0.01,3.7977257127968187,7.30408991232101,-9.593007225136944
hemiaminal_tbuoh_1_seed_02,1,383.15,100.0,0.05,3.7977257127968187,6.078668212448468,-7.983569312702845
hemiaminal_tbuoh_1_seed_02,1,383.15,100.0,0.1,3.7977257127968187,5.550907812558915,-7.2904221321429
hemiaminal_tbuoh_1_seed_02,1,383.15,100.0,1.0,3.7977257127968187,3.7977257127968187,-4.987837039148853
hemiaminal_tbuoh_1_seed_02,1,383.15,150.0,0.001,3.9691352485278912,9.22868154781418,-12.120717273390891
hemiaminal_tbuoh_1_seed_02,1,383.15,150.0,0.01,3.9691352485278912,7.475499448052083,-9.818132180396844
hemiaminal_tbuoh_1_seed_02,1,383.15,150.0,0.05,3.9691352485278912,6.250077748179541,-8.208694267962745
hemiaminal_tbuoh_1_seed_02,1,383.15,150.0,0.1,3.9691352485278912,5.722317348289987,-7.5155470874027985
hemiaminal_tbuoh_1_seed_02,1,383.15,150.0,1.0,3.9691352485278912,3.9691352485278912,-5.212961994408753
hemiaminal_tbuoh_1_seed_02,1,390.0,50.0,0.001,3.4088855411064287,8.762462617242804,-11.306262437305893
hemiaminal_tbuoh_1_seed_02,1,390.0,50.0,0.01,3.4088855411064287,6.977936925197345,-9.003677344311846
hemiaminal_tbuoh_1_seed_02,1,390.0,50.0,0.05,3.4088855411064287,5.730606994490595,-7.394239431877748
hemiaminal_tbuoh_1_seed_02,1,390.0,50.0,0.1,3.4088855411064287,5.1934112331518865,-6.701092251317801
hemiaminal_tbuoh_1_seed_02,1,390.0,50.0,1.0,3.4088855411064287,3.4088855411064287,-4.398507158323756
hemiaminal_tbuoh_1_seed_02,1,390.0,100.0,0.001,4.050341262911388,9.403918339047763,-12.133936922143857
hemiaminal_tbuoh_1_seed_02,1,390.0,100.0,0.01,4.050341262911388,7.619392647002305,-9.83135182914981
hemiaminal_tbuoh_1_seed_02,1,390.0,100.0,0.05,4.050341262911388,6.372062716295554,-8.22191391671571
hemiaminal_tbuoh_1_seed_02,1,390.0,100.0,0.1,4.050341262911388,5.834866954956846,-7.528766736155765
hemiaminal_tbuoh_1_seed_02,1,390.0,100.0,1.0,4.050341262911388,4.050341262911388,-5.22618164316172
hemiaminal_tbuoh_1_seed_02,1,390.0,150.0,0.001,4.228224994662014,9.581802070798389,-12.363461456781215
hemiaminal_tbuoh_1_seed_02,1,390.0,150.0,0.01,4.228224994662014,7.7972763787529304,-10.060876363787168
hemiaminal_tbuoh_1_seed_02,1,390.0,150.0,0.05,4.228224994662014,6.54994644804618,-8.451438451353068
hemiaminal_tbuoh_1_seed_02,1,390.0,150.0,0.1,4.228224994662014,6.012750686707472,-7.758291270793123
hemiaminal_tbuoh_1_seed_02,1,390.0,150.0,1.0,4.228224994662014,4.228224994662014,-5.455706177799078
hemiaminal_tbuoh_1_seed_02,1,400.0,50.0,0.001,3.7485842015885282,9.239432484805324,-11.623657261992692
hemiaminal_tbuoh_1_seed_02,1,400.0,50.0,0.01,3.7485842015885282,7.409149723733059,-9.321072168998647
hemiaminal_tbuoh_1_seed_02,1,400.0,50.0,0.05,3.7485842015885282,6.129836974290237,-7.7116342565645475
hemiaminal_tbuoh_1_seed_02,1,400.0,50.0,0.1,3.7485842015885282,5.578866962660793,-7.018487076004602
hemiaminal_tbuoh_1_seed_02,1,400.0,50.0,1.0,3.7485842015885282,3.7485842015885282,-4.715901983010556
hemiaminal_tbuoh_1_seed_02,1,400.0,100.0,0.001,4.41900354460995,9.909851827826746,-12.467077534602165
hemiaminal_tbuoh_1_seed_02,1,400.0,100.0,0.01,4.41900354460995,8.07956906675448,-10.16449244160812
hemiaminal_tbuoh_1_seed_02,1,400.0,100.0,0.05,4.41900354460995,6.800256317311659,-8.55505452917402
hemiaminal_tbuoh_1_seed_02,1,400.0,100.0,0.1,4.41900354460995,6.249286305682215,-7.861907348614074
hemiaminal_tbuoh_1_seed_02,1,400.0,100.0,1.0,4.41900354460995,4.41900354460995,-5.559322255620028
hemiaminal_tbuoh_1_seed_02,1,400.0,150.0,0.001,4.6064497258030315,10.097298009019827,-12.702893984242435
hemiaminal_tbuoh_1_seed_02,1,400.0,150.0,0.01,4.6064497258030315,8.267015247947562,-10.400308891248388
hemiaminal_tbuoh_1_seed_02,1,400.0,150.0,0.05,4.6064497258030315,6.98770249850474,-8.790870978814288
hemiaminal_tbuoh_1_seed_02,1,400.0,150.0,0.1,4.6064497258030315,6.436732486875297,-8.097723798254343
hemiaminal_tbuoh_1_seed_02,1,400.0,150.0,1.0,4.6064497258030315,4.6064497258030315,-5.795138705260297
hemiaminal_tbuoh_1_seed_02,1,410.0,50.0,0.001,4.087821191920739,9.715940682217955,-11.925002774652194
hemiaminal_tbuoh_1_seed_02,1,410.0,50.0,0.01,4.087821191920739,7.839900852118882,-9.622417681658147
hemiaminal_tbuoh_1_seed_02,1,410.0,50.0,0.05,4.087821191920739,6.52860528393999,-8.012979769224048
hemiaminal_tbuoh_1_seed_02,1,410.0,50.0,0.1,4.087821191920739,5.9638610220198105,-7.319832588664101
hemiaminal_tbuoh_1_seed_02,1,410.0,50.0,1.0,4.087821191920739,4.087821191920739,-5.0172474956700555
hemiaminal_tbuoh_1_seed_02,1,410.0,100.0,0.001,4.787520639323702,10.415640129620918,-12.783789188094786
hemiaminal_tbuoh_1_seed_02,1,410.0,100.0,0.01,4.787520639323702,8.539600299521846,-10.481204095100741
hemiaminal_tbuoh_1_seed_02,1,410.0,100.0,0.05,4.787520639323702,7.228304731342954,-8.87176618266664
hemiaminal_tbuoh_1_seed_02,1,410.0,100.0,0.1,4.787520639323702,6.663560469422774,-8.178619002106695
hemiaminal_tbuoh_1_seed_02,1,410.0,100.0,1.0,4.787520639323702,4.787520639323702,-5.87603390911265
hemiaminal_tbuoh_1_seed_02,1,410.0,150.0,0.001,4.984658043820673,10.612777534117889,-13.025748682548747
hemiaminal_tbuoh_1_seed_02,1,410.0,150.0,0.01,4.984658043820673,8.736737704018816,-10.7231635895547
hemiaminal_tbuoh_1_seed_02,1,410.0,150.0,0.05,4.984658043820673,7.4254421358399245,-9.1137256771206
hemiaminal_tbuoh_1_seed_02,1,410.0,150.0,0.1,4.984658043820673,6.860697873919745,-8.420578496560655
hemiaminal_tbuoh_1_seed_02,1,410.0,150.0,1.0,4.984658043820673,4.984658043820673,-6.117993403566608
hemiaminal_tbuoh_1_seed_02,1,420.0,50.0,0.001,4.426601134828161,10.191991832205796,-12.211450893394838
hemiaminal_tbuoh_1_seed_02,1,420.0,50.0,0.01,4.426601134828161,8.270194933079917,-9.908865800400791
hemiaminal_tbuoh_1_seed_02,1,420.0,50.0,0.05,4.426601134828161,6.926916546164955,-8.299427887966692
hemiaminal_tbuoh_1_seed_02,1,420.0,50.0,0.1,4.426601134828161,6.348398033954039,-7.6062807074067464
hemiaminal_tbuoh_1_seed_02,1,420.0,50.0,1.0,4.426601134828161,4.426601134828161,-5.3036956144127005
hemiaminal_tbuoh_1_seed_02,1,420.0,100.0,0.001,5.15588928069883,10.921279978076464,-13.085241466135832
hemiaminal_tbuoh_1_seed_02,1,420.0,100.0,0.01,5.15588928069883,8.999483078950586,-10.782656373141787
hemiaminal_tbuoh_1_seed_02,1,420.0,100.0,0.05,5.15588928069883,7.656204692035624,-9.173218460707687
hemiaminal_tbuoh_1_seed_02,1,420.0,100.0,0.1,5.15588928069883,7.077686179824708,-8.480071280147742
hemiaminal_tbuoh_1_seed_02,1,420.0,100.0,1.0,5.15588928069883,5.15588928069883,-6.177486187153696
hemiaminal_tbuoh_1_seed_02,1,420.0,150.0,0.001,5.362843426846666,11.128234124224301,-13.333201868231427
hemiaminal_tbuoh_1_seed_02,1,420.0,150.0,0.01,5.362843426846666,9.206437225098423,-11.030616775237382
hemiaminal_tbuoh_1_seed_02,1,420.0,150.0,0.05,5.362843426846666,7.863158838183461,-9.421178862803282
hemiaminal_tbuoh_1_seed_02,1,420.0,150.0,0.1,5.362843426846666,7.2846403259725445,-8.728031682243335
hemiaminal_tbuoh_1_seed_02,1,420.0,150.0,1.0,5.362843426846666,5.362843426846666,-6.42544658924929
hemiaminal_tbuoh_2_seed_01,2,298.15,50.0,0.001,2.4458200769804535,10.63130215518589,-17.943581791102023
hemiaminal_tbuoh_2_seed_01,2,298.15,50.0,0.01,2.4458200769804535,7.90280812911741,-13.33841160511393
hemiaminal_tbuoh_2_seed_01,2,298.15,50.0,0.05,2.4458200769804535,5.995672647885526,-10.11953578024573
hemiaminal_tbuoh_2_seed_01,2,298.15,50.0,0.1,2.4458200769804535,5.174314103048932,-8.733241419125838
hemiaminal_tbuoh_2_seed_01,2,298.15,50.0,1.0,2.4458200769804535,2.4458200769804535,-4.128071233137748
hemiaminal_tbuoh_2_seed_01,2,298.15,100.0,0.001,3.586111557462573,11.77159363566801,-19.86817326137145
hemiaminal_tbuoh_2_seed_01,2,298.15,100.0,0.01,3.586111557462573,9.04309960959953,-15.263003075383354
hemiaminal_tbuoh_2_seed_01,2,298.15,100.0,0.05,3.586111557462573,7.135964128367645,-12.044127250515155
hemiaminal_tbuoh_2_seed_01,2,298.15,100.0,0.1,3.586111557462573,6.314605583531051,-10.657832889395264
hemiaminal_tbuoh_2_seed_01,2,298.15,100.0,1.0,3.586111557462573,3.586111557462573,-6.052662703407173
hemiaminal_tbuoh_2_seed_01,2,298.15,150.0,0.001,3.8744257563557767,12.059907834561214,-20.35479186498744
hemiaminal_tbuoh_2_seed_01,2,298.15,150.0,0.01,3.8744257563557767,9.331413808492734,-15.749621678999347
hemiaminal_tbuoh_2_seed_01,2,298.15,150.0,0.05,3.8744257563557767,7.424278327260849,-12.53074585413115
hemiaminal_tbuoh_2_seed_01,2,298.15,150.0,0.1,3.8744257563557767,6.602919782424255,-11.144451493011257
hemiaminal_tbuoh_2_seed_01,2,298.15,150.0,1.0,3.8744257563557767,3.8744257563557767,-6.539281307023166
hemiaminal_tbuoh_2_seed_01,2,360.0,50.0,0.001,6.791169166113832,16.674696075904066,-23.308424390417066
hemiaminal_tbuoh_2_seed_01,2,360.0,50.0,0.01,6.791169166113832,13.380187105973986,-18.703254204428973
hemiaminal_tbuoh_2_seed_01,2,360.0,50.0,0.05,6.791169166113832,11.077424156976907,-15.484378379560772
hemiaminal_tbuoh_2_seed_01,2,360.0,50.0,0.1,6.791169166113832,10.08567813604391,-14.098084018440883
hemiaminal_tbuoh_2_seed_01,2,360.0,50.0,1.0,6.791169166113832,6.791169166113832,-9.49291383245279
hemiaminal_tbuoh_2_seed_01,2,360.0,100.0,0.001,8.415315485715837,18.29884239550607,-25.578708149538894
hemiaminal_tbuoh_2_seed_01,2,360.0,100.0,0.01,8.415315485715837,15.004333425575991,-20.9735379635508
hemiaminal_tbuoh_2_seed_01,2,360.0,100.0,0.05,8.415315485715837,12.701570476578912,-17.7546621386826
hemiaminal_tbuoh_2_seed_01,2,360.0,100.0,0.1,8.415315485715837,11.709824455645915,-16.36836777756271
hemiaminal_tbuoh_2_seed_01,2,360.0,100.0,1.0,8.415315485715837,8.415315485715837,-11.763197591574619
hemiaminal_tbuoh_2_seed_01,2,360.0,150.0,0.001,8.842488822181622,18.726015731971856,-26.175824724815072
hemiaminal_tbuoh_2_seed_01,2,360.0,150.0,0.01,8.842488822181622,15.431506762041776,-21.57065453882698
hemiaminal_tbuoh_2_seed_01,2,360.0,150.0,0.05,8.842488822181622,13.128743813044697,-18.351778713958776
hemiaminal_tbuoh_2_seed_01,2,360.0,150.0,0.1,8.842488822181622,12.1369977921117,-16.96548435283889
hemiaminal_tbuoh_2_seed_01,2,360.0,150.0,1.0,8.842488822181622,8.842488822181622,-12.360314166850795
hemiaminal_tbuoh_2_seed_01,2,370.0,50.0,0.001,7.488914295212453,17.646983619163525,-24.000829363502245
hemiaminal_tbuoh_2_seed_01,2,370.0,50.0,0.01,7.488914295212453,14.260960511179833,-19.39565917751415
hemiaminal_tbuoh_2_seed_01,2,370.0,50.0,0.05,7.488914295212453,11.894231924710613,-16.176783352645952
hemiaminal_tbuoh_2_seed_01,2,370.0,50.0,0.1,7.488914295212453,10.874937403196142,-14.79048899152606
hemiaminal_tbuoh_2_seed_01,2,370.0,50.0,1.0,7.488914295212453,7.488914295212453,-10.18531880553797
hemiaminal_tbuoh_2_seed_01,2,370.0,100.0,0.001,9.195240311277303,19.353309635228374,-26.321522827829167
hemiaminal_tbuoh_2_seed_01,2,370.0,100.0,0.01,9.195240311277303,15.967286527244683,-21.716352641841073
hemiaminal_tbuoh_2_seed_01,2,370.0,100.0,0.05,9.195240311277303,13.600557940775463,-18.497476816972874
hemiaminal_tbuoh_2_seed_01,2,370.0,100.0,0.1,9.195240311277303,12.581263419260992,-17.111182455852983
hemiaminal_tbuoh_2_seed_01,2,370.0,100.0,1.0,9.195240311277303,9.195240311277303,-12.506012269864891
hemiaminal_tbuoh_2_seed_01,2,370.0,150.0,0.001,9.646131962228537,19.80420128617961,-26.934759277153947
hemiaminal_tbuoh_2_seed_01,2,370.0,150.0,0.01,9.646131962228537,16.418178178195916,-22.32958909116585
hemiaminal_tbuoh_2_seed_01,2,370.0,150.0,0.05,9.646131962228537,14.051449591726698,-19.110713266297655
hemiaminal_tbuoh_2_seed_01,2,370.0,150.0,0.1,9.646131962228537,13.032155070212227,-17.72441890517776
hemiaminal_tbuoh_2_seed_01,2,370.0,150.0,1.0,9.646131962228537,9.646131962228537,-13.119248719189672
hemiaminal_tbuoh_2_seed_01,2,380.0,50.0,0.001,8.185362233474734,18.617973971586643,-24.65507414914209
hemiaminal_tbuoh_2_seed_01,2,380.0,50.0,0.01,8.185362233474734,15.14043672554934,-20.049903963154
hemiaminal_tbuoh_2_seed_01,2,380.0,50.0,0.05,8.185362233474734,12.70974250160798,-16.831028138285802
hemiaminal_tbuoh_2_seed_01,2,380.0,50.0,0.1,8.185362233474734,11.662899479512038,-15.444733777165911
hemiaminal_tbuoh_2_seed_01,2,380.0,50.0,1.0,8.185362233474734,8.185362233474734,-10.83956359117782
hemiaminal_tbuoh_2_seed_01,2,380.0,100.0,0.001,9.974881894329883,20.407493632441792,-27.02486690946419
hemiaminal_tbuoh_2_seed_01,2,380.0,100.0,0.01,9.974881894329883,16.92995638640449,-22.419696723476104
hemiaminal_tbuoh_2_seed_01,2,380.0,100.0,0.05,9.974881894329883,14.499262162463129,-19.2008208986079
hemiaminal_tbuoh_2_seed_01,2,380.0,100.0,0.1,9.974881894329883,13.452419140367187,-17.81452653748801
hemiaminal_tbuoh_2_seed_01,2,380.0,100.0,1.0,9.974881894329883,9.974881894329883,-13.209356351499919
hemiaminal_tbuoh_2_seed_01,2,380.0,150.0,0.001,10.449817200202233,20.882428938314142,-27.65380565436729
hemiaminal_tbuoh_2_seed_01,2,380.0,150.0,0.01,10.449817200202233,17.40489169227684,-23.048635468379203
hemiaminal_tbuoh_2_seed_01,2,380.0,150.0,0.05,10.449817200202233,14.974197468335479,-19.829759643511
hemiaminal_tbuoh_2_seed_01,2,380.0,150.0,0.1,10.449817200202233,13.927354446239537,-18.44346528239111
hemiaminal_tbuoh_2_seed_01,2,380.0,150.0,1.0,10.449817200202233,10.449817200202233,-13.838295096403018
hemiaminal_tbuoh_2_seed_01,2,383.15,50.0,0.001,8.404477226569725,18.9235698251423,-24.853738691216055
hemiaminal_tbuoh_2_seed_01,2,383.15,50.0,0.01,8.404477226569725,15.417205625618108,-20.248568505227958
hemiaminal_tbuoh_2_seed_01,2,383.15,50.0,0.05,8.404477226569725,12.966362225873024,-17.02969268035976
hemiaminal_tbuoh_2_seed_01,2,383.15,50.0,0.1,8.404477226569725,11.910841426093917,-15.64339831923987
hemiaminal_tbuoh_2_seed_01,2,383.15,50.0,1.0,8.404477226569725,8.404477226569725,-11.038228133251776
hemiaminal_tbuoh_2_seed_01,2,383.15,100.0,0.001,10.220408480869082,20.73950107944166,-27.238736939041583
hemiaminal_tbuoh_2_seed_01,2,383.15,100.0,0.01,10.220408480869082,17.233136879917467,-22.63356675305349
hemiaminal_tbuoh_2_seed_01,2,383.15,100.0,0.05,10.220408480869082,14.782293480172381,-19.41469092818529
hemiaminal_tbuoh_2_seed_01,2,383.15,100.0,0.1,10.220408480869082,13.726772680393275,-18.0283965670654
hemiaminal_tbuoh_2_seed_01,2,383.15,100.0,1.0,10.220408480869082,10.220408480869082,-13.423226381077306
hemiaminal_tbuoh_2_seed_01,2,383.15,150.0,0.001,10.702983504539588,21.222076103112165,-27.87253878763777
hemiaminal_tbuoh_2_seed_01,2,383.15,150.0,0.01,10.702983504539588,17.715711903587973,-23.267368601649675
hemiaminal_tbuoh_2_seed_01,2,383.15,150.0,0.05,10.702983504539588,15.264868503842887,-20.048492776781472
hemiaminal_tbuoh_2_seed_01,2,383.15,150.0,0.1,10.702983504539588,14.20934770406378,-18.66219841566158
hemiaminal_tbuoh_2_seed_01,2,383.15,150.0,1.0,10.702983504539588,10.702983504539588,-14.05702822967349
hemiaminal_tbuoh_2_seed_01,2,390.0,50.0,0.001,8.880528965273697,19.587683117546447,-25.274114771111215
hemiaminal_tbuoh_2_seed_01,2,390.0,50.0,0.01,8.880528965273697,16.01863173345553,-20.66894458512312
hemiaminal_tbuoh_2_seed_01,2,390.0,50.0,0.05,8.880528965273697,13.52397187204203,-17.450068760254926
hemiaminal_tbuoh_2_seed_01,2,390.0,50.0,0.1,8.880528965273697,12.449580349364613,-16.06377439913503
hemiaminal_tbuoh_2_seed_01,2,390.0,50.0,1.0,8.880528965273697,8.880528965273697,-11.458604213146943
hemiaminal_tbuoh_2_seed_01,2,390.0,100.0,0.001,10.7542289053672,21.46138305763995,-27.691761975651005
hemiaminal_tbuoh_2_seed_01,2,390.0,100.0,0.01,10.7542289053672,17.89233167354903,-23.08659178966291
hemiaminal_tbuoh_2_seed_01,2,390.0,100.0,0.05,10.7542289053672,15.397671812135531,-19.867715964794712
hemiaminal_tbuoh_2_seed_01,2,390.0,100.0,0.1,10.7542289053672,14.323280289458115,-18.48142160367482
hemiaminal_tbuoh_2_seed_01,2,390.0,100.0,1.0,10.7542289053672,10.7542289053672,-13.876251417686731
hemiaminal_tbuoh_2_seed_01,2,390.0,150.0,0.001,11.253524431285769,21.96067858355852,-28.336006236242707
hemiaminal_tbuoh_2_seed_01,2,390.0,150.0,0.01,11.253524431285769,18.3916271994676,-23.73083605025461
hemiaminal_tbuoh_2_seed_01,2,390.0,150.0,0.05,11.253524431285769,15.8969673380541,-20.511960225386414
hemiaminal_tbuoh_2_seed_01,2,390.0,150.0,0.1,11.253524431285769,14.822575815376684,-19.125665864266523
hemiaminal_tbuoh_2_seed_01,2,390.0,150.0,1.0,11.253524431285769,11.253524431285769,-14.520495678278431
hemiaminal_tbuoh_2_seed_01,2,400.0,50.0,0.001,9.574430380544072,20.556126946977663,-25.86061153199877
hemiaminal_tbuoh_2_seed_01,2,400.0,50.0,0.01,9.574430380544072,16.895561424833133,-21.255441346010677
hemiaminal_tbuoh_2_seed_01,2,400.0,50.0,0.05,9.574430380544072,14.33693592594749,-18.036565521142478
hemiaminal_tbuoh_2_seed_01,2,400.0,50.0,0.1,9.574430380544072,13.234995902688603,-16.650271160022587
hemiaminal_tbuoh_2_seed_01,2,400.0,50.0,1.0,9.574430380544072,9.574430380544072,-12.045100974034495
hemiaminal_tbuoh_2_seed_01,2,400.0,100.0,0.001,11.533271367006819,22.51496793344041,-28.32492915051388
hemiaminal_tbuoh_2_seed_01,2,400.0,100.0,0.01,11.533271367006819,18.85440241129588,-23.71975896452579
hemiaminal_tbuoh_2_seed_01,2,400.0,100.0,0.05,11.533271367006819,16.295776912410236,-20.500883139657592
hemiaminal_tbuoh_2_seed_01,2,400.0,100.0,0.1,11.533271367006819,15.19383688915135,-19.1145887785377
hemiaminal_tbuoh_2_seed_01,2,400.0,100.0,1.0,11.533271367006819,11.533271367006819,-14.50941859254961
hemiaminal_tbuoh_2_seed_01,2,400.0,150.0,0.001,12.0572353682619,23.03893193469549,-28.984101451218205
hemiaminal_tbuoh_2_seed_01,2,400.0,150.0,0.01,12.0572353682619,19.37836641255096,-24.378931265230115
hemiaminal_tbuoh_2_seed_01,2,400.0,150.0,0.05,12.0572353682619,16.819740913665317,-21.160055440361912
hemiaminal_tbuoh_2_seed_01,2,400.0,150.0,0.1,12.0572353682619,15.71780089040643,-19.77376107924202
hemiaminal_tbuoh_2_seed_01,2,400.0,150.0,1.0,12.0572353682619,12.0572353682619,-15.168590893253931
hemiaminal_tbuoh_2_seed_01,2,410.0,50.0,0.001,10.267082247257349,21.52332122785178,-26.416965042984526
hemiaminal_tbuoh_2_seed_01,2,410.0,50.0,0.01,10.267082247257349,17.771241567653636,-21.811794856996432
hemiaminal_tbuoh_2_seed_01,2,410.0,50.0,0.05,10.267082247257349,15.148650431295852,-18.592919032128233
hemiaminal_tbuoh_2_seed_01,2,410.0,50.0,0.1,10.267082247257349,14.019161907455493,-17.206624671008342
hemiaminal_tbuoh_2_seed_01,2,410.0,50.0,1.0,10.267082247257349,10.267082247257349,-12.601454485020252
hemiaminal_tbuoh_2_seed_01,2,410.0,100.0,0.001,12.312000513658859,23.56823949425329,-28.926825569964215
hemiaminal_tbuoh_2_seed_01,2,410.0,100.0,0.01,12.312000513658859,19.816159834055146,-24.321655383976122
hemiaminal_tbuoh_2_seed_01,2,410.0,100.0,0.05,12.312000513658859,17.193568697697362,-21.102779559107923
hemiaminal_tbuoh_2_seed_01,2,410.0,100.0,0.1,12.312000513658859,16.064080173857,-19.71648519798803
hemiaminal_tbuoh_2_seed_01,2,410.0,100.0,1.0,12.312000513658859,12.312000513658859,-15.11131501199994
hemiaminal_tbuoh_2_seed_01,2,410.0,150.0,0.001,12.860933364816447,24.11717234541088,-29.600566382846335
hemiaminal_tbuoh_2_seed_01,2,410.0,150.0,0.01,12.860933364816447,20.365092685212733,-24.99539619685824
hemiaminal_tbuoh_2_seed_01,2,410.0,150.0,0.05,12.860933364816447,17.74250154885495,-21.776520371990042
hemiaminal_tbuoh_2_seed_01,2,410.0,150.0,0.1,12.860933364816447,16.613013025014588,-20.390226010870148
hemiaminal_tbuoh_2_seed_01,2,410.0,150.0,1.0,12.860933364816447,12.860933364816447,-15.78505582488206
hemiaminal_tbuoh_2_seed_01,2,420.0,50.0,0.001,10.958500187545724,22.489281582300993,-26.945347110875932
hemiaminal_tbuoh_2_seed_01,2,420.0,50.0,0.01,10.958500187545724,18.645687784049237,-22.340176924887842
hemiaminal_tbuoh_2_seed_01,2,420.0,50.0,0.05,10.958500187545724,15.959131010219313,-19.121301100019643
hemiaminal_tbuoh_2_seed_01,2,420.0,50.0,0.1,10.958500187545724,14.80209398579748,-17.73500673889975
hemiaminal_tbuoh_2_seed_01,2,420.0,50.0,1.0,10.958500187545724,10.958500187545724,-13.129836552911659
hemiaminal_tbuoh_2_seed_01,2,420.0,100.0,0.001,13.090408666288567,24.621190061043837,-29.499675658816496
hemiaminal_tbuoh_2_seed_01,2,420.0,100.0,0.01,13.090408666288567,20.77759626279208,-24.894505472828406
hemiaminal_tbuoh_2_seed_01,2,420.0,100.0,0.05,13.090408666288567,18.091039488962156,-21.675629647960207
hemiaminal_tbuoh_2_seed_01,2,420.0,100.0,0.1,13.090408666288567,16.934002464540324,-20.289335286840316
hemiaminal_tbuoh_2_seed_01,2,420.0,100.0,1.0,13.090408666288567,13.090408666288567,-15.684165100852223
hemiaminal_tbuoh_2_seed_01,2,420.0,150.0,0.001,13.66460325756998,25.19538465232525,-30.187642169202558
hemiaminal_tbuoh_2_seed_01,2,420.0,150.0,0.01,13.66460325756998,21.351790854073492,-25.582471983214468
hemiaminal_tbuoh_2_seed_01,2,420.0,150.0,0.05,13.66460325756998,18.665234080243568,-22.36359615834627
hemiaminal_tbuoh_2_seed_01,2,420.0,150.0,0.1,13.66460325756998,17.508197055821736,-20.977301797226378
hemiaminal_tbuoh_2_seed_01,2,420.0,150.0,1.0,13.66460325756998,13.66460325756998,-16.372131611238288
hemiaminal_tbuoh_3_seed_00,3,298.15,50.0,0.001,2.4048189143722993,14.683042031680454,-24.782135037816566
hemiaminal_tbuoh_3_seed_00,3,298.15,50.0,0.01,2.4048189143722993,10.590300992577735,-17.87437975883443
hemiaminal_tbuoh_3_seed_00,3,298.15,50.0,0.05,2.4048189143722993,7.729597770729907,-13.046066021532129
hemiaminal_tbuoh_3_seed_00,3,298.15,50.0,0.1,2.4048189143722993,6.497559953475017,-10.966624479852292
hemiaminal_tbuoh_3_seed_00,3,298.15,50.0,1.0,2.4048189143722993,2.4048189143722993,-4.058869200870156
hemiaminal_tbuoh_3_seed_00,3,298.15,100.0,0.001,4.105508586086216,16.38373170339437,-27.652570265809345
hemiaminal_tbuoh_3_seed_00,3,298.15,100.0,0.01,4.105508586086216,12.290990664291652,-20.744814986827205
hemiaminal_tbuoh_3_seed_00,3,298.15,100.0,0.05,4.105508586086216,9.430287442443824,-15.916501249524906
hemiaminal_tbuoh_3_seed_00,3,298.15,100.0,0.1,4.105508586086216,8.198249625188934,-13.83705970784507
hemiaminal_tbuoh_3_seed_00,3,298.15,100.0,1.0,4.105508586086216,4.105508586086216,-6.929304428862934
hemiaminal_tbuoh_3_seed_00,3,298.15,150.0,0.001,4.545384680190182,16.823607797498337,-28.394996034289157
hemiaminal_tbuoh_3_seed_00,3,298.15,150.0,0.01,4.545384680190182,12.730866758395617,-21.48724075530702
hemiaminal_tbuoh_3_seed_00,3,298.15,150.0,0.05,4.545384680190182,9.870163536547789,-16.65892701800472
hemiaminal_tbuoh_3_seed_00,3,298.15,150.0,0.1,4.545384680190182,8.6381257192929,-14.579485476324884
hemiaminal_tbuoh_3_seed_00,3,298.15,150.0,1.0,4.545384680190182,4.545384680190182,-7.6717301973427485
hemiaminal_tbuoh_3_seed_00,3,360.0,50.0,0.001,8.644339846228831,23.469630210914175,-32.80660101701325
hemiaminal_tbuoh_3_seed_00,3,360.0,50.0,0.01,8.644339846228831,18.527866756019062,-25.89884573803112
hemiaminal_tbuoh_3_seed_00,3,360.0,50.0,0.05,8.644339846228831,15.073722332523444,-21.070532000728818
hemiaminal_tbuoh_3_seed_00,3,360.0,50.0,0.1,8.644339846228831,13.586103301123947,-18.991090459048984
hemiaminal_tbuoh_3_seed_00,3,360.0,50.0,1.0,8.644339846228831,8.644339846228831,-12.083335180066847
hemiaminal_tbuoh_3_seed_00,3,360.0,100.0,0.001,11.079698798755999,25.904989163441343,-36.21082378365982
hemiaminal_tbuoh_3_seed_00,3,360.0,100.0,0.01,11.079698798755999,20.96322570854623,-29.303068504677686
hemiaminal_tbuoh_3_seed_00,3,360.0,100.0,0.05,11.079698798755999,17.509081285050613,-24.474754767375387
hemiaminal_tbuoh_3_seed_00,3,360.0,100.0,0.1,11.079698798755999,16.021462253651116,-22.395313225695553
hemiaminal_tbuoh_3_seed_00,3,360.0,100.0,1.0,11.079698798755999,11.079698798755999,-15.487557946713414
hemiaminal_tbuoh_3_seed_00,3,360.0,150.0,0.001,11.7328398965401,26.558130261225443,-37.12380533514811
hemiaminal_tbuoh_3_seed_00,3,360.0,150.0,0.01,11.7328398965401,21.61636680633033,-30.216050056165983
hemiaminal_tbuoh_3_seed_00,3,360.0,150.0,0.05,11.7328398965401,18.162222382834713,-25.387736318863684
hemiaminal_tbuoh_3_seed_00,3,360.0,150.0,0.1,11.7328398965401,16.674603351435216,-23.30829477718385
hemiaminal_tbuoh_3_seed_00,3,360.0,150.0,1.0,11.7328398965401,11.7328398965401,-16.40053949820171
hemiaminal_tbuoh_3_seed_00,3,370.0,50.0,0.001,9.645313225177233,24.88241721110384,-33.841401030522526
hemiaminal_tbuoh_3_seed_00,3,370.0,50.0,0.01,9.645313225177233,19.8033825491283,-26.933645751540386
hemiaminal_tbuoh_3_seed_00,3,370.0,50.0,0.05,9.645313225177233,16.253289669424476,-22.10533201423809
hemiaminal_tbuoh_3_seed_00,3,370.0,50.0,0.1,9.645313225177233,14.724347887152767,-20.025890472558252
hemiaminal_tbuoh_3_seed_00,3,370.0,50.0,1.0,9.645313225177233,9.645313225177233,-13.118135193576117
hemiaminal_tbuoh_3_seed_00,3,370.0,100.0,0.001,12.205561198934447,27.442665184861053,-37.32347343861784
hemiaminal_tbuoh_3_seed_00,3,370.0,100.0,0.01,12.205561198934447,22.363630522885515,-30.4157181596357
hemiaminal_tbuoh_3_seed_00,3,370.0,100.0,0.05,12.205561198934447,18.81353764318169,-25.587404422333403
hemiaminal_tbuoh_3_seed_00,3,370.0,100.0,0.1,12.205561198934447,17.28459586090998,-23.507962880653565
hemiaminal_tbuoh_3_seed_00,3,370.0,100.0,1.0,12.205561198934447,12.205561198934447,-16.60020760167143
hemiaminal_tbuoh_3_seed_00,3,370.0,150.0,0.001,12.895156839382253,28.132260825308858,-38.26135991561494
hemiaminal_tbuoh_3_seed_00,3,370.0,150.0,0.01,12.895156839382253,23.05322616333332,-31.3536046366328
hemiaminal_tbuoh_3_seed_00,3,370.0,150.0,0.05,12.895156839382253,19.503133283629495,-26.525290899330503
hemiaminal_tbuoh_3_seed_00,3,370.0,150.0,0.1,12.895156839382253,17.974191501357787,-24.445849357650665
hemiaminal_tbuoh_3_seed_00,3,370.0,150.0,1.0,12.895156839382253,12.895156839382253,-17.53809407866853
hemiaminal_tbuoh_3_seed_00,3,380.0,50.0,0.001,10.644203420633858,26.293121027801725,-34.81897920483414
hemiaminal_tbuoh_3_seed_00,3,380.0,50.0,0.01,10.644203420633858,21.076815158745767,-27.911223925852
hemiaminal_tbuoh_3_seed_00,3,380.0,50.0,0.05,10.644203420633858,17.43077382283373,-23.082910188549704
hemiaminal_tbuoh_3_seed_00,3,380.0,50.0,0.1,10.644203420633858,15.860509289689812,-21.003468646869866
hemiaminal_tbuoh_3_seed_00,3,380.0,50.0,1.0,10.644203420633858,10.644203420633858,-14.095713367887729
hemiaminal_tbuoh_3_seed_00,3,380.0,100.0,0.001,13.33090807224653,28.979825679414397,-38.376879892817016
hemiaminal_tbuoh_3_seed_00,3,380.0,100.0,0.01,13.33090807224653,23.76351981035844,-31.469124613834875
hemiaminal_tbuoh_3_seed_00,3,380.0,100.0,0.05,13.33090807224653,20.1174784744464,-26.64081087653258
hemiaminal_tbuoh_3_seed_00,3,380.0,100.0,0.1,13.33090807224653,18.547213941302484,-24.561369334852742
hemiaminal_tbuoh_3_seed_00,3,380.0,100.0,1.0,13.33090807224653,13.33090807224653,-17.653614055870605
hemiaminal_tbuoh_3_seed_00,3,380.0,150.0,0.001,14.057464574929327,29.706382182097194,-39.33903100950263
hemiaminal_tbuoh_3_seed_00,3,380.0,150.0,0.01,14.057464574929327,24.490076313041236,-32.43127573052049
hemiaminal_tbuoh_3_seed_00,3,380.0,150.0,0.05,14.057464574929327,20.844034977129198,-27.60296199321819
hemiaminal_tbuoh_3_seed_00,3,380.0,150.0,0.1,14.057464574929327,19.27377044398528,-25.52352045153835
hemiaminal_tbuoh_3_seed_00,3,380.0,150.0,1.0,14.057464574929327,14.057464574929327,-18.615765172556216
hemiaminal_tbuoh_3_seed_00,3,383.15,50.0,0.001,10.958427877332724,26.737066775191586,-35.11578825456678
hemiaminal_tbuoh_3_seed_00,3,383.15,50.0,0.01,10.958427877332724,21.477520475905298,-28.20803297558464
hemiaminal_tbuoh_3_seed_00,3,383.15,50.0,0.05,10.958427877332724,17.80125537628767,-23.37971923828234
hemiaminal_tbuoh_3_seed_00,3,383.15,50.0,0.1,10.958427877332724,16.21797417661901,-21.300277696602503
hemiaminal_tbuoh_3_seed_00,3,383.15,50.0,1.0,10.958427877332724,10.958427877332724,-14.392522417620368
hemiaminal_tbuoh_3_seed_00,3,383.15,100.0,0.001,13.685284244595096,29.463923142453957,-38.69717254023012
hemiaminal_tbuoh_3_seed_00,3,383.15,100.0,0.01,13.685284244595096,24.20437684316767,-31.789417261247984
hemiaminal_tbuoh_3_seed_00,3,383.15,100.0,0.05,13.685284244595096,20.528111743550042,-26.961103523945685
hemiaminal_tbuoh_3_seed_00,3,383.15,100.0,0.1,13.685284244595096,18.94483054388138,-24.881661982265847
hemiaminal_tbuoh_3_seed_00,3,383.15,100.0,1.0,13.685284244595096,13.685284244595096,-17.97390670328371
hemiaminal_tbuoh_3_seed_00,3,383.15,150.0,0.001,14.423586066564894,30.202224964423756,-39.66683950730028
hemiaminal_tbuoh_3_seed_00,3,383.15,150.0,0.01,14.423586066564894,24.942678665137468,-32.759084228318144
hemiaminal_tbuoh_3_seed_00,3,383.15,150.0,0.05,14.423586066564894,21.26641356551984,-27.930770491015842
hemiaminal_tbuoh_3_seed_00,3,383.15,150.0,0.1,14.423586066564894,19.68313236585118,-25.851328949336004
hemiaminal_tbuoh_3_seed_00,3,383.15,150.0,1.0,14.423586066564894,14.423586066564894,-18.94357367035387
hemiaminal_tbuoh_3_seed_00,3,390.0,50.0,0.001,11.641044675132434,27.70177590354156,-35.74378140325009
hemiaminal_tbuoh_3_seed_00,3,390.0,50.0,0.01,11.641044675132434,22.348198827405184,-28.836026124267953
hemiaminal_tbuoh_3_seed_00,3,390.0,50.0,0.05,11.641044675132434,18.60620903528493,-24.00771238696565
hemiaminal_tbuoh_3_seed_00,3,390.0,50.0,0.1,11.641044675132434,16.99462175126881,-21.928270845285816
hemiaminal_tbuoh_3_seed_00,3,390.0,50.0,1.0,11.641044675132434,11.641044675132434,-15.020515566303681
hemiaminal_tbuoh_3_seed_00,3,390.0,100.0,0.001,14.455731388516142,30.516462616925267,-39.3755899541581
hemiaminal_tbuoh_3_seed_00,3,390.0,100.0,0.01,14.455731388516142,25.162885540788892,-32.467834675175965
hemiaminal_tbuoh_3_seed_00,3,390.0,100.0,0.05,14.455731388516142,21.420895748668638,-27.639520937873662
hemiaminal_tbuoh_3_seed_00,3,390.0,100.0,0.1,14.455731388516142,19.809308464652517,-25.560079396193828
hemiaminal_tbuoh_3_seed_00,3,390.0,100.0,1.0,14.455731388516142,14.455731388516142,-18.65232411721169
hemiaminal_tbuoh_3_seed_00,3,390.0,150.0,0.001,15.21974132800824,31.280472556417365,-40.361396942208444
hemiaminal_tbuoh_3_seed_00,3,390.0,150.0,0.01,15.21974132800824,25.92689548028099,-33.45364166322631
hemiaminal_tbuoh_3_seed_00,3,390.0,150.0,0.05,15.21974132800824,22.184905688160736,-28.625327925924005
hemiaminal_tbuoh_3_seed_00,3,390.0,150.0,0.1,15.21974132800824,20.573318404144615,-26.54588638424417
hemiaminal_tbuoh_3_seed_00,3,390.0,150.0,1.0,15.21974132800824,15.21974132800824,-19.638131105262033
hemiaminal_tbuoh_3_seed_00,3,400.0,50.0,0.001,12.63587029867631,29.108415148326696,-36.61980772957342
hemiaminal_tbuoh_3_seed_00,3,400.0,50.0,0.01,12.63587029867631,23.6175668651099,-29.71205245059128
hemiaminal_tbuoh_3_seed_00,3,400.0,50.0,0.05,12.63587029867631,19.779628616781434,-24.883738713288977
hemiaminal_tbuoh_3_seed_00,3,400.0,50.0,0.1,12.63587029867631,18.126718581893105,-22.804297171609143
hemiaminal_tbuoh_3_seed_00,3,400.0,50.0,1.0,12.63587029867631,12.63587029867631,-15.896541892627006
hemiaminal_tbuoh_3_seed_00,3,400.0,100.0,0.001,15.580024426788441,32.05256927643883,-40.32369739681605
hemiaminal_tbuoh_3_seed_00,3,400.0,100.0,0.01,15.580024426788441,26.561720993222032,-33.41594211783391
hemiaminal_tbuoh_3_seed_00,3,400.0,100.0,0.05,15.580024426788441,22.723782744893565,-28.58762838053161
hemiaminal_tbuoh_3_seed_00,3,400.0,100.0,0.1,15.580024426788441,21.070872710005236,-26.508186838851774
hemiaminal_tbuoh_3_seed_00,3,400.0,100.0,1.0,15.580024426788441,15.580024426788441,-19.600431559869637
hemiaminal_tbuoh_3_seed_00,3,400.0,150.0,0.001,16.38196736763348,32.85451221728387,-41.33258077827772
hemiaminal_tbuoh_3_seed_00,3,400.0,150.0,0.01,16.38196736763348,27.36366393406707,-34.42482549929558
hemiaminal_tbuoh_3_seed_00,3,400.0,150.0,0.05,16.38196736763348,23.525725685738603,-29.596511761993277
hemiaminal_tbuoh_3_seed_00,3,400.0,150.0,0.1,16.38196736763348,21.872815650850274,-27.517070220313443
hemiaminal_tbuoh_3_seed_00,3,400.0,150.0,1.0,16.38196736763348,16.38196736763348,-20.609314941331306
hemiaminal_tbuoh_3_seed_00,3,410.0,50.0,0.001,13.628712693469424,30.51307116436107,-37.45066691937663
hemiaminal_tbuoh_3_seed_00,3,410.0,50.0,0.01,13.628712693469424,24.884951674063856,-30.542911640394497
hemiaminal_tbuoh_3_seed_00,3,410.0,50.0,0.05,13.628712693469424,20.951064969527177,-25.714597903092194
hemiaminal_tbuoh_3_seed_00,3,410.0,50.0,0.1,13.628712693469424,19.25683218376664,-23.63515636141236
hemiaminal_tbuoh_3_seed_00,3,410.0,50.0,1.0,13.628712693469424,13.628712693469424,-16.727401082430223
hemiaminal_tbuoh_3_seed_00,3,410.0,100.0,0.001,16.70378162502311,33.58814009591475,-41.22489802477418
hemiaminal_tbuoh_3_seed_00,3,410.0,100.0,0.01,16.70378162502311,27.960020605617544,-34.31714274579205
hemiaminal_tbuoh_3_seed_00,3,410.0,100.0,0.05,16.70378162502311,24.026133901080865,-29.48882900848974
hemiaminal_tbuoh_3_seed_00,3,410.0,100.0,0.1,16.70378162502311,22.331901115320328,-27.409387466809907
hemiaminal_tbuoh_3_seed_00,3,410.0,100.0,1.0,16.70378162502311,16.70378162502311,-20.50163218782777
hemiaminal_tbuoh_3_seed_00,3,410.0,150.0,0.001,17.544124798616394,34.428483269508035,-42.256305585248526
hemiaminal_tbuoh_3_seed_00,3,410.0,150.0,0.01,17.544124798616394,28.800363779210826,-35.3485503062664
hemiaminal_tbuoh_3_seed_00,3,410.0,150.0,0.05,17.544124798616394,24.866477074674147,-30.520236568964094
hemiaminal_tbuoh_3_seed_00,3,410.0,150.0,0.1,17.544124798616394,23.17224428891361,-28.44079502728426
hemiaminal_tbuoh_3_seed_00,3,410.0,150.0,1.0,17.544124798616394,17.544124798616394,-21.533039748302123
hemiaminal_tbuoh_3_seed_00,3,420.0,50.0,0.001,14.619603378472675,31.915775470605578,-38.23962296087974
hemiaminal_tbuoh_3_seed_00,3,420.0,50.0,0.01,14.619603378472675,26.15038477322794,-31.331867681897602
hemiaminal_tbuoh_3_seed_00,3,420.0,50.0,0.05,14.619603378472675,22.120549612483057,-26.503553944595307
hemiaminal_tbuoh_3_seed_00,3,420.0,50.0,0.1,14.619603378472675,20.384994075850308,-24.42411240291547
hemiaminal_tbuoh_3_seed_00,3,420.0,50.0,1.0,14.619603378472675,14.619603378472675,-17.516357123933332
hemiaminal_tbuoh_3_seed_00,3,420.0,100.0,0.001,17.826998447315418,35.123170539448324,-42.08253689013995
hemiaminal_tbuoh_3_seed_00,3,420.0,100.0,0.01,17.826998447315418,29.357779842070684,-35.17478161115781
hemiaminal_tbuoh_3_seed_00,3,420.0,100.0,0.05,17.826998447315418,25.3279446813258,-30.346467873855513
hemiaminal_tbuoh_3_seed_00,3,420.0,100.0,0.1,17.826998447315418,23.59238914469305,-28.267026332175675
hemiaminal_tbuoh_3_seed_00,3,420.0,100.0,1.0,17.826998447315418,17.826998447315418,-21.35927105319354
hemiaminal_tbuoh_3_seed_00,3,420.0,150.0,0.001,18.70619737697416,36.002369469107066,-43.13594183117682
hemiaminal_tbuoh_3_seed_00,3,420.0,150.0,0.01,18.70619737697416,30.236978771729426,-36.22818655219468
hemiaminal_tbuoh_3_seed_00,3,420.0,150.0,0.05,18.70619737697416,26.20714361098454,-31.399872814892383
hemiaminal_tbuoh_3_seed_00,3,420.0,150.0,0.1,18.70619737697416,24.471588074351793,-29.320431273212545
hemiaminal_tbuoh_3_seed_00,3,420.0,150.0,1.0,18.70619737697416,18.70619737697416,-22.412675994230412
